ts,event,session,payload_len,payload_hex
1787916243.400601,34680,0085,4,A3 9F D7 54
1787916243.404704,34680,0086,3,FA AE 2A
1787916243.414943,34680,0087,3,60 91 53
1787916243.425450,34680,0088,4,7E CB EA 7B
1787916243.435905,34680,0089,5,2C 52 29 A0 A5
1787916243.446688,34680,008a,1,86
1787916243.457251,34680,008b,2,84 76
1787916243.468058,34680,008c,3,B9 14 32
1787916243.478850,34680,008d,3,15 7C 48
1787916243.489335,34680,008e,1,58
1787916243.500357,34680,008f,2,E2 32
1787916243.511082,34680,0090,2,13 E6
1787916243.521707,34680,0091,4,D6 3D 3D 5C
1787916243.532287,34680,0092,1,AB
1787916243.543009,34680,0093,2,BB FB
1787916243.553725,34680,0094,5,82 0C 11 EE 68
1787916243.564363,34680,0095,3,D8 A9 55
1787916243.575934,34680,0096,5,E6 AD FF 7B 98
1787916243.586569,34680,0097,3,13 FF 6F
1787916243.597339,34680,0098,3,E5 3C 66
1787916243.609226,34680,0099,3,76 A8 F6
1787916243.620880,34680,009a,2,05 C2
1787916243.632234,34680,009b,4,A9 39 E9 6F
1787916243.642971,34680,009c,4,31 6E 8D 5D
1787916243.653721,34680,009d,2,2F 8E
1787916243.664275,34680,009e,4,B5 6C 15 78
1787916243.674775,34680,009f,4,70 EA 4D EC
1787916243.685454,34680,00a0,5,22 9F 8E E9 67
1787916243.695911,34680,00a1,3,F0 DF 8B
1787916243.706470,34680,00a2,5,F1 D6 17 02 0B
1787916243.716982,34680,00a3,3,24 F5 AB
1787916243.727607,34680,00a4,4,FF 53 24 F2
1787916243.737949,34680,00a5,3,03 1C B9
1787916243.748563,34680,00a6,1,12
1787916243.758961,34680,00a7,4,53 A6 0D 3E
1787916243.769428,34680,00a8,5,63 18 99 B7 EF
1787916243.779862,34680,00a9,5,34 DC BA A2 60
1787916243.791190,34680,00aa,5,6A 28 54 4A 65
1787916243.801762,34680,00ab,4,22 1B 93 EA
1787916243.812531,34680,00ac,3,CD B0 CF
1787916243.823164,34680,00ad,1,44
1787916243.833587,34680,00ae,3,B2 6D 5C
1787916243.843962,34680,00af,3,46 78 55
1787916243.856929,34680,00b0,5,49 E7 E0 47 EC
1787916243.867699,34680,00b1,5,41 AF D4 3C 14
1787916243.878151,34680,00b2,1,92
1787916243.889921,34680,00b3,3,B0 2B 56
1787916243.900398,34680,00b4,3,C0 B6 D0
1787916243.910927,34680,00b5,2,A0 C2
1787916243.922293,34680,00b6,2,5B 94
1787916243.932838,34680,00b7,3,45 F8 34
1787916243.943465,34680,00b8,5,AA BB 9C F2 A9
1787916243.954150,34680,00b9,4,8D B4 65 AF
1787916243.964622,34680,00ba,1,8F
1787916243.975117,34680,00bb,1,61
1787916243.985656,34680,00bc,5,98 59 D9 53 81
1787916243.995952,34680,00bd,5,66 98 64 C0 27
1787916244.006392,34680,00be,3,F2 0F 98
1787916244.016803,34680,00bf,5,B0 76 F0 3F 0C
1787916244.028696,34680,00c0,2,B1 45
1787916244.043734,34680,00c1,1,35
1787916244.068873,34680,00c2,2,23 78
1787916244.079222,34680,00c3,5,27 B2 59 B5 42
1787916244.095808,34680,00c4,4,A8 EE 0F 80
1787916244.111091,34680,00c5,1,03
1787916244.127341,34680,00c6,2,5E 8D
1787916244.139057,34680,00c7,1,A3
1787916244.149750,34680,00c8,3,2F C4 19
1787916244.169863,34680,00c9,3,A5 9A 05
1787916244.200744,34680,00ca,5,6E FD AF 25 D3
1787916244.214049,34680,00cb,5,36 BF B3 29 32
1787916244.232746,34680,00cc,2,F7 6B
1787916244.243869,34680,00cd,1,64
1787916244.256868,34680,00ce,5,74 6C 15 74 CD
1787916244.267465,34680,00cf,5,7D 78 83 EE F3
1787916244.277916,34680,00d0,3,79 EB CC
1787916244.288539,34680,00d1,3,55 14 F8
1787916244.299110,34680,00d2,4,79 16 D5 86
1787916244.309597,34680,00d3,2,8B F1
1787916244.320175,34680,00d4,4,BE 6D 6F CE
1787916244.330673,34680,00d5,5,3E 65 2C 21 55
1787916244.341363,34680,00d6,1,16
1787916244.351861,34680,00d7,3,D6 3C DA
1787916244.362347,34680,00d8,4,8D 1F F3 9D
1787916244.372853,34680,00d9,3,79 D2 10
1787916244.383192,34680,00da,5,E7 8E 93 68 39
1787916244.394666,34680,00db,5,40 A1 8B 0D EA
1787916244.407353,34680,00dc,1,AE
1787916244.417848,34680,00dd,5,7A 20 C9 07 8D
1787916244.428346,34680,00de,3,27 22 F3
1787916244.440240,34680,00df,5,EE A9 E1 31 3D
1787916244.450718,34680,00e0,1,4E
1787916244.461553,34680,00e1,1,F0
1787916244.471992,34680,00e2,1,38
1787916244.482563,34680,00e3,3,F5 DF 64
1787916244.493285,34680,00e4,5,DB D4 08 8B F0
1787916244.503719,34680,00e5,1,01
1787916244.514358,34680,00e6,4,0D 5D D7 19
1787916244.525026,34680,00e7,2,D7 C8
1787916244.535351,34680,00e8,3,BD 2A 22
1787916244.545963,34680,00e9,3,EA 47 B3
1787916244.556970,34680,00ea,5,3E 80 2E 5A 4C
1787916244.567464,34680,00eb,1,0C
1787916244.578019,34680,00ec,4,16 11 9C 78
1787916244.588727,34680,00ed,4,78 BE 7E DB
1787916244.599619,34680,00ee,1,4F
1787916244.610063,34680,00ef,5,10 1F 80 AC 22
1787916244.621239,34680,00f0,1,76
1787916244.631711,34680,00f1,4,41 24 01 32
1787916244.642129,34680,00f2,3,70 B4 B0
1787916244.652546,34680,00f3,2,73 2D
1787916244.663038,34680,00f4,4,12 DF DF B8
1787916244.675513,34680,00f5,4,58 5E 8E A5
1787916244.686176,34680,00f6,3,DF 70 23
1787916244.696647,34680,00f7,2,86 80
1787916244.707001,34680,00f8,1,8A
1787916244.718567,34680,00f9,5,25 15 86 27 FC
1787916244.740783,34680,00fa,1,78
1787916244.761038,34680,00fb,1,69
1787916244.817543,34680,00fc,3,0C 1B 42
1787916244.828262,34680,00fd,5,1F 88 99 1D 03
1787916244.838991,34680,00fe,4,CD 55 17 31
1787916244.849645,34680,00ff,5,6C 9B 81 17 B8
1787916244.860335,34680,0100,1,DA
1787916244.871249,34680,0101,5,A1 8B 69 44 10
1787916244.882002,34680,0102,5,0E 34 D9 E4 36
1787916244.892709,34680,0103,4,B7 95 40 4A
1787916244.903583,34680,0104,4,52 01 7B 9F
1787916244.913936,34680,0105,4,63 BC 43 42
1787916244.925064,34680,0106,2,4B B8
1787916244.937834,34680,0107,3,80 F0 F5
1787916244.952137,34680,0108,2,37 1A
1787916244.967756,34680,0109,3,53 25 72
1787916244.978264,34680,010a,4,78 2D EC 1C
1787916244.988720,34680,010b,1,BD
1787916245.001071,34680,010c,5,07 DA 47 76 F7
1787916245.011575,34680,010d,2,57 4E
1787916245.023848,34680,010e,1,42
1787916245.035471,34680,010f,4,1F 31 0F FF
1787916245.046129,34680,0110,5,FA D6 1E C0 C2
1787916245.057195,34680,0111,2,23 CA
1787916245.068138,34680,0112,2,C3 B0
1787916245.078829,34680,0113,2,2B 39
1787916245.089326,34680,0114,5,A8 01 9F 23 14
1787916245.100038,34680,0115,5,B5 ED ED 4F 1A
1787916245.110716,34680,0116,2,A6 6D
1787916245.121068,34680,0117,3,E9 3C 87
1787916245.131720,34680,0118,3,73 D9 79
1787916245.142100,34680,0119,4,33 A0 FB 06
1787916245.152572,34680,011a,2,DA B6
1787916245.162950,34680,011b,3,BC 05 D7
1787916245.174211,34680,011c,3,26 94 23
1787916245.184650,34680,011d,3,9E 84 77
1787916245.195058,34680,011e,4,82 81 CC C3
1787916245.205508,34680,011f,1,6F
1787916245.216066,34680,0120,4,F0 22 D9 C1
1787916245.226506,34680,0121,5,B2 69 41 63 73
1787916245.236979,34680,0122,1,03
1787916245.247589,34680,0123,3,5A F7 35
1787916245.258188,34680,0124,4,EB D5 99 43
1787916245.268562,34680,0125,2,6E F9
1787916245.279106,34680,0126,2,D8 9C
1787916245.315054,34680,0127,5,72 74 84 9D 4F
1787916245.345985,34680,0128,1,4F
1787916245.356548,34680,0129,3,DA F7 40
1787916245.367170,34680,012a,4,36 DA 64 3A
1787916245.379122,34680,012b,2,86 6F
1787916245.390829,34680,012c,4,CB 05 C3 10
1787916245.401207,34680,012d,2,B6 7D
1787916245.411926,34680,012e,2,EB D5
1787916245.422327,34680,012f,2,96 12
1787916245.432681,34680,0130,3,6C A0 4C
1787916245.443078,34680,0131,2,F6 BF
1787916245.453419,34680,0132,2,5F 83
1787916245.463895,34680,0133,3,BC F5 DE
1787916245.474353,34680,0134,5,60 28 56 B7 4C
1787916245.484848,34680,0135,1,47
1787916245.495163,34680,0136,3,58 6B 90
1787916245.505597,34680,0137,1,F7
1787916245.515921,34680,0138,2,EB CF
1787916245.526305,34680,0139,4,1B 8C C6 A0
1787916245.536742,34680,013a,4,0A 23 DA F5
1787916245.547688,34680,013b,4,F7 F0 7B EF
1787916245.558496,34680,013c,5,C6 EB 75 13 82
1787916245.569087,34680,013d,1,F1
1787916245.579761,34680,013e,5,78 85 D3 5E 26
1787916245.590839,34680,013f,4,EA 01 C4 E1
1787916245.601175,34680,0140,4,CE 60 83 60
1787916245.612230,34680,0141,4,0D 60 B5 67
1787916245.623513,34680,0142,2,4B 7F
1787916245.634233,34680,0143,5,3F 55 F9 0D B8
1787916245.644981,34680,0144,4,82 24 60 75
1787916245.655569,34680,0145,1,A3
1787916245.666410,34680,0146,2,08 E7
1787916245.676873,34680,0147,2,CF 3F
1787916245.687509,34680,0148,5,B7 6A 42 BA BE
1787916245.698282,34680,0149,3,7D 20 42
1787916245.709019,34680,014a,2,EE 04
1787916245.719823,34680,014b,1,58
1787916245.730268,34680,014c,1,B6
1787916245.740768,34680,014d,1,91
1787916245.751223,34680,014e,2,B5 C8
1787916245.763429,34680,014f,5,9C 5E FE 22 87
1787916245.773862,34680,0150,2,BB AE
1787916245.784342,34680,0151,4,17 D8 CD AB
1787916245.794814,34680,0152,1,A8
1787916245.805150,34680,0153,3,96 17 0F
1787916245.815475,34680,0154,4,1A 74 80 92
1787916245.825900,34680,0155,4,AA 7D D9 90
1787916245.836278,34680,0156,3,D5 F0 D2
1787916245.846699,34680,0157,3,8C 3C 3D
1787916245.857125,34680,0158,4,D1 D0 35 C4
1787916245.869945,34680,0159,1,E4
1787916245.880522,34680,015a,5,43 90 D2 C4 A6
1787916245.891008,34680,015b,1,F5
1787916245.901521,34680,015c,2,5D A9
1787916245.911835,34680,015d,2,36 47
1787916245.922237,34680,015e,1,66
1787916245.932686,34680,015f,5,53 3B 0A D3 03
1787916245.943571,34680,0160,5,98 C2 EC 18 78
1787916245.953893,34680,0161,2,8A 11
1787916245.964276,34680,0162,5,03 7A 7D 20 39
1787916245.974712,34680,0163,1,A8
1787916245.985140,34680,0164,3,CC 04 71
1787916245.995620,34680,0165,3,25 AF 7A
1787916246.006065,34680,0166,4,62 5F 4B F9
1787916246.016824,34680,0167,2,DE D9
1787916246.027268,34680,0168,1,07
1787916246.039293,34680,0169,2,39 73
1787916246.050176,34680,016a,4,E4 CB 79 67
1787916246.061009,34680,016b,1,42
1787916246.071594,34680,016c,4,B0 B8 94 F2
1787916246.082126,34680,016d,3,6E 18 09
1787916246.093259,34680,016e,2,5F F6
1787916246.103865,34680,016f,1,40
1787916246.114534,34680,0170,3,DE 1A FF
1787916246.125146,34680,0171,2,16 F3
1787916246.135697,34680,0172,5,8E 57 E4 5B FF
1787916246.146128,34680,0173,5,E2 27 EE C2 87
1787916246.157851,34680,0174,3,EB 22 08
1787916246.168389,34680,0175,5,F2 2D 1C 3B 33
1787916246.178810,34680,0176,3,E4 9F F5
1787916246.189248,34680,0177,4,4D 70 2B B7
1787916246.199868,34680,0178,2,8B 0B
1787916246.210888,34680,0179,1,0A
1787916246.221188,34680,017a,2,29 6C
1787916246.231671,34680,017b,2,85 C5
1787916246.246584,34680,017c,3,0B 59 B9
1787916246.257121,34680,017d,5,D8 97 B9 02 DC
1787916246.267539,34680,017e,5,CB 8A 12 3A B8
1787916246.277999,34680,017f,4,4A A4 50 EB
1787916246.288505,34680,0180,4,68 85 C0 4E
1787916246.299027,34680,0181,1,4B
1787916246.309380,34680,0182,1,29
1787916246.319755,34680,0183,1,C2
1787916246.330184,34680,0184,4,68 E8 CD B8
1787916246.340603,34680,0185,3,8E 2C EA
1787916246.351099,34680,0186,1,1B
1787916246.361717,34680,0187,5,D6 B0 6D 6A 5A
1787916246.373361,34680,0188,2,5C 53
1787916246.384474,34680,0189,1,E2
1787916246.395064,34680,018a,4,AA 3B 3E D7
1787916246.405587,34680,018b,2,40 EA
1787916246.416160,34680,018c,5,AB 00 07 03 AF
1787916246.426919,34680,018d,1,26
1787916246.437497,34680,018e,4,AD 4F 20 6D
1787916246.479038,34680,018f,5,2F 35 D1 06 C4
1787916246.489640,34680,0190,3,C3 0C 8C
1787916246.526938,34680,0191,3,2E 8D 20
1787916246.537433,34680,0192,1,0C
1787916246.547932,34680,0193,5,FE 7D 66 5D DA
1787916246.562007,34680,0194,4,79 ED E6 CB
1787916246.572514,34680,0195,1,9B
1787916246.582805,34680,0196,4,F1 2A 6D D5
1787916246.593537,34680,0197,5,91 D3 C5 72 AD
1787916246.604051,34680,0198,4,28 E2 D9 C9
1787916246.614641,34680,0199,4,42 6D 00 21
1787916246.625260,34680,019a,5,6C DC 2D B3 AD
1787916246.635753,34680,019b,2,87 6A
1787916246.646253,34680,019c,1,ED
1787916246.656602,34680,019d,5,9E FB 9D 5A 12
1787916246.667166,34680,019e,3,7A 5E 2F
1787916246.677754,34680,019f,5,6B 4B B6 F3 D4
1787916246.688183,34680,01a0,4,70 94 67 A3
1787916246.698579,34680,01a1,1,C0
1787916246.709065,34680,01a2,1,B0
1787916246.719641,34680,01a3,3,0E 29 B1
1787916246.730935,34680,01a4,3,61 E4 A9
1787916246.742481,34680,01a5,4,04 30 45 4E
1787916246.753930,34680,01a6,1,98
1787916246.764432,34680,01a7,2,25 1B
1787916246.774903,34680,01a8,3,E2 33 2D
1787916246.785373,34680,01a9,5,C2 F6 B6 A4 0E
1787916246.795876,34680,01aa,4,DE E0 E2 ED
1787916246.807002,34680,01ab,4,AD 3E F7 35
1787916246.817382,34680,01ac,5,7C AC 5E BB D8
1787916246.827793,34680,01ad,4,84 BB B2 BE
1787916246.838344,34680,01ae,4,A6 84 FC 6C
1787916246.848832,34680,01af,5,DC C0 82 24 78
1787916246.859426,34680,01b0,1,51
1787916246.869870,34680,01b1,4,81 44 35 4D
1787916246.880441,34680,01b2,4,FD 9B D7 D4
1787916246.891102,34680,01b3,4,13 90 67 AD
1787916246.901834,34680,01b4,5,14 2C 53 59 95
1787916246.912466,34680,01b5,5,80 3D EB 7A 41
1787916246.923048,34680,01b6,4,32 09 F4 CB
1787916246.933768,34680,01b7,5,58 F8 50 A3 BF
1787916246.944262,34680,01b8,2,FA 13
1787916246.954946,34680,01b9,4,28 19 A6 B2
1787916246.965437,34680,01ba,2,25 98
1787916246.975915,34680,01bb,3,36 2E 9B
1787916246.986502,34680,01bc,4,73 AB 8F FE
1787916246.997128,34680,01bd,1,E0
1787916247.007730,34680,01be,5,5E 37 38 1D 50
1787916247.019089,34680,01bf,1,11
1787916247.029615,34680,01c0,5,40 4A 52 A0 DE
1787916247.040261,34680,01c1,5,71 F9 26 BD 43
1787916247.050707,34680,01c2,4,26 29 B1 39
1787916247.061330,34680,01c3,3,7B 22 AF
1787916247.071831,34680,01c4,4,53 3A 45 27
1787916247.084307,34680,01c5,1,33
1787916247.103193,34680,01c6,3,76 2F 8F
1787916247.113655,34680,01c7,5,51 B7 8A 29 36
1787916247.125380,34680,01c8,5,82 FA 21 1F 8D
1787916247.136777,34680,01c9,3,EF A1 0A
1787916247.147682,34680,01ca,2,A1 DF
1787916247.158276,34680,01cb,4,7B 5E 92 40
1787916247.170488,34680,01cc,1,12
1787916247.181826,34680,01cd,5,BF EE AA 0B 01
1787916247.192408,34680,01ce,3,58 7C 86
1787916247.204980,34680,01cf,3,42 70 CA
1787916247.215490,34680,01d0,5,91 FD A5 5D 90
1787916247.226514,34680,01d1,3,95 E2 A9
1787916247.237377,34680,01d2,4,20 8B 1D 13
1787916247.249748,34680,01d3,3,77 34 26
1787916247.260713,34680,01d4,3,4E 2D 34
1787916247.271205,34680,01d5,3,2F 8D 36
1787916247.281622,34680,01d6,4,5A A7 71 30
1787916247.292174,34680,01d7,2,24 62
1787916247.302771,34680,01d8,1,37
1787916247.313177,34680,01d9,5,35 6C 0F 21 0D
1787916247.323865,34680,01da,2,3D D1
1787916247.334501,34680,01db,5,90 DF 0B 40 3D
1787916247.347658,34680,01dc,2,B7 F8
1787916247.359506,34680,01dd,4,D2 EE 1C 8A
1787916247.370133,34680,01de,4,55 24 E1 F0
1787916247.380911,34680,01df,2,ED AA
1787916247.391724,34680,01e0,3,50 63 F1
1787916247.405365,34680,01e1,5,5E 7B A3 00 09
1787916247.415955,34680,01e2,2,A5 FE
1787916247.426393,34680,01e3,3,E4 45 72
1787916247.436990,34680,01e4,5,54 4A 2B 2E D4
1787916247.447407,34680,01e5,2,82 3B
1787916247.457914,34680,01e6,5,7F D9 F7 56 2D
1787916247.468402,34680,01e7,4,0F B3 CF D6
1787916247.478785,34680,01e8,4,A0 32 4F DE
1787916247.489366,34680,01e9,4,34 52 C6 24
1787916247.499776,34680,01ea,1,C8
1787916247.510140,34680,01eb,2,18 3D
1787916247.520511,34680,01ec,2,C8 B7
1787916247.531371,34680,01ed,1,7F
1787916247.542026,34680,01ee,2,0F CF
1787916247.553635,34680,01ef,4,3E 1B 0D 40
1787916247.564178,34680,01f0,4,19 1B 0C A3
1787916247.574750,34680,01f1,1,C2
1787916247.633502,34680,01f2,2,C6 6E
1787916247.663289,34680,01f3,2,4B 69
1787916247.673506,34680,01f4,5,E1 18 B7 F0 21
1787916247.690313,34680,01f5,4,22 63 28 19
1787916247.705209,34680,01f6,4,F4 57 51 8E
1787916247.716806,34680,01f7,5,A2 3D 63 A3 9A
1787916247.727697,34680,01f8,1,5A
1787916247.738252,34680,01f9,4,43 8E 18 FC
1787916247.748746,34680,01fa,1,17
1787916247.759289,34680,01fb,2,60 3B
1787916247.769810,34680,01fc,2,FA 7E
1787916247.780265,34680,01fd,4,00 22 35 0A
1787916247.790889,34680,01fe,2,9F E7
1787916247.801701,34680,01ff,1,EA
1787916247.816694,34680,0200,5,BD C3 0C 5F 39
1787916247.827368,34680,0201,2,0A E6
1787916247.838074,34680,0202,1,DC
1787916247.848490,34680,0203,5,FC 5A 49 FB F2
1787916247.858986,34680,0204,5,E9 9C 4B 3A DE
1787916247.869428,34680,0205,5,87 1F 05 BF B8
1787916247.882593,34680,0206,3,AA 0B 13
1787916247.892973,34680,0207,1,4C
1787916247.903498,34680,0208,1,F5
1787916247.913841,34680,0209,1,02
1787916247.924128,34680,020a,4,2F C2 13 9E
1787916247.934514,34680,020b,1,1F
1787916247.945077,34680,020c,4,A8 84 ED 85
1787916247.957373,34680,020d,3,58 55 E9
1787916247.967939,34680,020e,5,0D 55 6E 37 D3
1787916247.978367,34680,020f,2,E4 B2
1787916247.988711,34680,0210,4,F6 DF 0D 88
1787916247.999191,34680,0211,5,46 8F F1 6C 1A
1787916248.009683,34680,0212,3,71 DC 74
1787916248.022305,34680,0213,2,F6 75
1787916248.032720,34680,0214,1,93
1787916248.042944,34680,0215,5,22 F2 19 1D 06
1787916248.053508,34680,0216,2,14 F5
1787916248.063884,34680,0217,3,58 14 7C
1787916248.074363,34680,0218,1,F4
1787916248.084984,34680,0219,1,FE
1787916248.095618,34680,021a,5,B9 BF 2C 45 D6
1787916248.106567,34680,021b,1,2A
1787916248.117169,34680,021c,5,39 B0 C3 3F 0B
1787916248.127633,34680,021d,2,92 D4
1787916248.138099,34680,021e,4,C4 AF 16 17
1787916248.148765,34680,021f,4,E1 26 78 0B
1787916248.159527,34680,0220,4,D2 14 E5 97
1787916248.170008,34680,0221,3,8B 31 69
1787916248.180368,34680,0222,2,81 8F
1787916248.190974,34680,0223,3,43 DA 1B
1787916248.201300,34680,0224,3,D8 73 73
1787916248.212400,34680,0225,5,C6 50 68 F1 3D
1787916248.222758,34680,0226,4,F7 55 BC 06
1787916248.233102,34680,0227,3,78 74 73
1787916248.243492,34680,0228,1,D7
1787916248.254650,34680,0229,3,B5 38 3E
1787916248.265286,34680,022a,1,D5
1787916248.275682,34680,022b,5,D6 8C 19 D6 31
1787916248.286226,34680,022c,5,27 1E 03 25 A1
1787916248.296682,34680,022d,4,98 20 47 A0
1787916248.307643,34680,022e,3,DB 31 C7
1787916248.318393,34680,022f,4,4E E7 58 64
1787916248.329663,34680,0230,5,E7 DE 32 B8 1E
1787916248.340341,34680,0231,3,14 71 47
1787916248.350994,34680,0232,5,72 83 E6 DB E8
1787916248.361528,34680,0233,3,E5 15 2F
1787916248.371969,34680,0234,1,D5
1787916248.382414,34680,0235,3,71 8C DE
1787916248.392835,34680,0236,1,CD
1787916248.403248,34680,0237,2,99 F9
1787916248.413573,34680,0238,3,86 7B BF
1787916248.423959,34680,0239,4,96 58 01 41
1787916248.434392,34680,023a,5,C5 EC BD AA 9D
1787916248.444815,34680,023b,1,73
1787916248.455194,34680,023c,5,9E E4 B1 66 A7
1787916248.468004,34680,023d,5,30 63 D3 56 F1
1787916248.478466,34680,023e,1,52
1787916248.488786,34680,023f,5,DF 7A 83 32 49
1787916248.499316,34680,0240,1,ED
1787916248.509769,34680,0241,5,DA EE B9 3E 44
1787916248.520139,34680,0242,3,39 98 73
1787916248.530685,34680,0243,3,66 32 62
1787916248.541166,34680,0244,3,41 B9 1D
1787916248.551511,34680,0245,1,80
1787916248.561882,34680,0246,5,44 BF 03 78 F2
1787916248.572176,34680,0247,2,88 17
1787916248.582543,34680,0248,2,64 75
1787916248.592939,34680,0249,1,ED
1787916248.603311,34680,024a,1,2B
1787916248.613666,34680,024b,4,37 77 02 E0
1787916248.623995,34680,024c,1,51
1787916248.634339,34680,024d,3,AD 77 B8
1787916248.644748,34680,024e,4,16 09 06 41
1787916248.655057,34680,024f,5,8E 84 4B A1 E6
1787916248.665583,34680,0250,4,A7 F9 A3 06
1787916248.676062,34680,0251,4,67 5D 2B 64
1787916248.686443,34680,0252,4,9B D7 13 7C
1787916248.696768,34680,0253,1,B8
1787916248.707145,34680,0254,2,29 1F
1787916248.717531,34680,0255,2,11 CA
1787916248.728205,34680,0256,1,E0
1787916248.755076,34680,0257,3,4D B9 C1
1787916248.782783,34680,0258,4,DF 5D 4D 58
1787916248.801360,34680,0259,3,08 57 4C
1787916248.811595,34680,025a,3,33 54 F4
1787916248.840308,34680,025b,2,23 28
1787916248.851272,34680,025c,4,2F EC DC B4
1787916248.861778,34680,025d,2,55 B8
1787916248.873941,34680,025e,1,36
1787916248.885806,34680,025f,1,28
1787916248.896374,34680,0260,5,81 14 6C E9 31
1787916248.908962,34680,0261,3,AF F9 57
1787916248.919474,34680,0262,4,3B D2 08 05
1787916248.929811,34680,0263,3,B3 66 E1
1787916248.940211,34680,0264,2,81 2D
1787916248.950559,34680,0265,4,D8 90 89 DB
1787916248.960963,34680,0266,2,46 FD
1787916248.971392,34680,0267,1,73
1787916248.981766,34680,0268,3,9C 81 E3
1787916248.992144,34680,0269,4,73 0B E2 7D
1787916249.002486,34680,026a,3,30 DC A3
1787916249.012805,34680,026b,3,F1 B3 EE
1787916249.023194,34680,026c,4,0F 57 1B 50
1787916249.033511,34680,026d,1,94
1787916249.043804,34680,026e,5,80 3A 6C CF EC
1787916249.056276,34680,026f,3,83 11 48
1787916249.066666,34680,0270,3,81 47 64
1787916249.077023,34680,0271,1,91
1787916249.087414,34680,0272,5,A6 EB 73 56 23
1787916249.097783,34680,0273,1,CA
1787916249.108090,34680,0274,5,67 A6 8C 1F 79
1787916249.118447,34680,0275,3,52 F1 32
1787916249.128753,34680,0276,1,C9
1787916249.139133,34680,0277,4,05 F5 57 54
1787916249.149475,34680,0278,2,F0 34
1787916249.160239,34680,0279,1,66
1787916249.170594,34680,027a,4,C0 0F 15 07
1787916249.180922,34680,027b,1,A1
1787916249.191325,34680,027c,4,D6 C5 80 79
1787916249.201928,34680,027d,2,6F 21
1787916249.212258,34680,027e,5,D6 EC D0 FD 85
1787916249.222602,34680,027f,1,08
1787916249.232972,34680,0280,1,5B
1787916249.243328,34680,0281,2,1A 14
1787916249.253685,34680,0282,5,F8 18 ED DD 7C
1787916249.264036,34680,0283,5,25 33 6D AC 5D
1787916249.274507,34680,0284,4,D3 D5 49 7E
1787916249.284828,34680,0285,3,52 C6 F9
1787916249.295208,34680,0286,3,FB 13 DD
1787916249.305551,34680,0287,5,7D BE E6 46 9F
1787916249.315940,34680,0288,2,95 69
1787916249.327119,34680,0289,5,E6 4D 85 34 6C
1787916249.337682,34680,028a,2,0D 66
1787916249.348351,34680,028b,3,20 6C 9E
1787916249.359225,34680,028c,5,7C 41 2F F9 A1
1787916249.370580,34680,028d,1,56
1787916249.381269,34680,028e,2,E1 C1
1787916249.391821,34680,028f,3,16 ED BF
1787916249.402416,34680,0290,3,79 44 38
1787916249.413157,34680,0291,3,D4 B8 71
1787916249.423796,34680,0292,3,D6 86 33
1787916249.434393,34680,0293,4,45 C5 DD 2E
1787916249.444834,34680,0294,4,FC A5 48 DC
1787916249.455681,34680,0295,2,06 BE
1787916249.466613,34680,0296,2,89 73
1787916249.477148,34680,0297,4,4E 82 4E 32
1787916249.487931,34680,0298,3,6C C8 01
1787916249.498553,34680,0299,2,6F 65
1787916249.508946,34680,029a,5,69 29 D9 6A 3E
1787916249.519349,34680,029b,2,E4 AB
1787916249.530785,34680,029c,4,DE 92 5C 08
1787916249.541508,34680,029d,2,4E CA
1787916249.551957,34680,029e,3,EB 72 4A
1787916249.562403,34680,029f,1,51
1787916249.573362,34680,02a0,1,A3
1787916249.583747,34680,02a1,5,53 CB E4 5F 20
1787916249.594200,34680,02a2,4,8D DF 65 76
1787916249.604535,34680,02a3,5,37 69 86 7F E6
1787916249.614873,34680,02a4,1,07
1787916249.625272,34680,02a5,3,EA 45 85
1787916249.635782,34680,02a6,3,19 07 A3
1787916249.647160,34680,02a7,1,42
1787916249.657713,34680,02a8,4,7B DF 6B 36
1787916249.669023,34680,02a9,1,86
1787916249.679413,34680,02aa,2,8E 89
1787916249.689801,34680,02ab,4,AF 87 CD 10
1787916249.700185,34680,02ac,5,9B 3C 43 D3 0E
1787916249.710618,34680,02ad,5,CA C0 B2 FE 5F
1787916249.721007,34680,02ae,3,0F 25 BF
1787916249.731400,34680,02af,2,E7 87
1787916249.742131,34680,02b0,2,85 89
1787916249.752679,34680,02b1,1,06
1787916249.763210,34680,02b2,3,DA 71 AA
1787916249.773833,34680,02b3,4,63 57 A3 36
1787916249.786053,34680,02b4,1,07
1787916249.796471,34680,02b5,3,00 02 81
1787916249.816523,34680,02b6,4,2B 7B DA 87
1787916249.833504,34680,02b7,1,8C
1787916249.843631,34680,02b8,5,A8 F0 48 FD EA
1787916249.854103,34680,02b9,5,D0 F9 94 59 A0
1787916249.864399,34680,02ba,2,14 E6
1787916249.874714,34680,02bb,1,AF
1787916249.885203,34680,02bc,3,32 56 67
1787916249.895680,34680,02bd,4,2D 96 B1 10
1787916249.906076,34680,02be,3,8C B1 EB
1787916249.918032,34680,02bf,4,F4 D8 CF E0
1787916249.930153,34680,02c0,2,0F CF
1787916249.941988,34680,02c1,1,D5
1787916249.954477,34680,02c2,2,DA CA
1787916249.991794,34680,02c3,1,10
1787916250.002183,34680,02c4,5,A4 2A 8F 89 D4
1787916250.023874,34680,02c5,1,7B
1787916250.034730,34680,02c6,3,0D 64 CE
1787916250.045333,34680,02c7,3,22 69 77
1787916250.055968,34680,02c8,2,86 D1
1787916250.066268,34680,02c9,1,54
1787916250.076699,34680,02ca,2,1C A6
1787916250.086956,34680,02cb,4,94 70 FF 24
1787916250.097779,34680,02cc,4,59 C7 93 DC
1787916250.108116,34680,02cd,5,88 38 C4 41 8C
1787916250.118456,34680,02ce,3,9A 9B 56
1787916250.128849,34680,02cf,1,0D
1787916250.139149,34680,02d0,5,57 35 06 F5 6B
1787916250.149504,34680,02d1,3,97 E5 4A
1787916250.159844,34680,02d2,3,E0 56 25
1787916250.170224,34680,02d3,1,07
1787916250.180641,34680,02d4,3,4F 28 25
1787916250.191028,34680,02d5,2,02 12
1787916250.201969,34680,02d6,2,2C D9
1787916250.212444,34680,02d7,1,67
1787916250.222880,34680,02d8,4,69 B8 8F 64
1787916250.233248,34680,02d9,5,0C 6F 53 DD 2F
1787916250.243659,34680,02da,2,DB 62
1787916250.254026,34680,02db,1,BB
1787916250.264371,34680,02dc,1,C4
1787916250.274754,34680,02dd,5,9D A7 5F 28 B9
1787916250.285294,34680,02de,2,10 E9
1787916250.296726,34680,02df,5,2B B0 18 CA 58
1787916250.307963,34680,02e0,2,B6 41
1787916250.318832,34680,02e1,4,6A 0C 84 EB
1787916250.331413,34680,02e2,3,E1 65 81
1787916250.342161,34680,02e3,2,AB A2
1787916250.353146,34680,02e4,2,9E 9C
1787916250.363691,34680,02e5,3,B7 DA E4
1787916250.374374,34680,02e6,3,B6 B6 49
1787916250.384891,34680,02e7,5,D0 8E F4 D0 39
1787916250.402173,34680,02e8,1,8B
1787916250.413509,34680,02e9,5,06 66 11 E2 E2
1787916250.424455,34680,02ea,2,66 71
1787916250.436073,34680,02eb,4,72 BC 37 6B
1787916250.446826,34680,02ec,2,52 33
1787916250.457459,34680,02ed,3,6B 93 7F
1787916250.468060,34680,02ee,2,5C 6A
1787916250.478675,34680,02ef,4,32 F7 00 DE
1787916250.489329,34680,02f0,5,5F CA 14 F2 36
1787916250.499890,34680,02f1,3,95 28 6A
1787916250.510581,34680,02f2,1,05
1787916250.522767,34680,02f3,5,81 9E 02 BE 50
1787916250.533434,34680,02f4,4,57 8C 99 AA
1787916250.544237,34680,02f5,1,63
1787916250.554828,34680,02f6,4,39 A1 3D 07
1787916250.565332,34680,02f7,4,97 FE 51 2E
1787916250.575991,34680,02f8,5,D9 96 78 FA EF
1787916250.586478,34680,02f9,1,21
1787916250.597001,34680,02fa,3,ED 54 90
1787916250.607512,34680,02fb,3,0B FC 04
1787916250.617805,34680,02fc,4,F7 EB 6A 06
1787916250.628170,34680,02fd,4,95 5E 47 9D
1787916250.638497,34680,02fe,1,B3
1787916250.648840,34680,02ff,5,E2 9D AC 1B 12
1787916250.659183,34680,0300,2,ED 0E
1787916250.669579,34680,0301,3,8C E8 D8
1787916250.679969,34680,0302,2,6E 39
1787916250.690276,34680,0303,1,23
1787916250.700646,34680,0304,5,8C D9 A5 D3 1B
1787916250.711006,34680,0305,5,57 37 92 29 CC
1787916250.721322,34680,0306,3,A8 26 AD
1787916250.731658,34680,0307,1,BA
1787916250.742029,34680,0308,2,BD E4
1787916250.752499,34680,0309,1,9D
1787916250.762978,34680,030a,2,2B F4
1787916250.773566,34680,030b,2,DD 31
1787916250.783946,34680,030c,5,D3 8F 03 BE AB
1787916250.794282,34680,030d,2,47 49
1787916250.804643,34680,030e,1,63
1787916250.815137,34680,030f,5,38 84 79 32 AD
1787916250.825572,34680,0310,3,3F 53 C5
1787916250.836169,34680,0311,3,06 AB 1D
1787916250.849440,34680,0312,1,D7
1787916250.859788,34680,0313,4,14 7D B6 EB
1787916250.870174,34680,0314,5,D8 4D FC B5 C1
1787916250.882424,34680,0315,3,4E EA 8C
1787916250.893093,34680,0316,3,D9 A7 6A
1787916250.903653,34680,0317,4,E6 DA C3 E5
1787916250.916276,34680,0318,2,26 F4
1787916250.926688,34680,0319,3,42 EF CE
1787916250.939399,34680,031a,4,39 E3 6A 57
1787916250.952163,34680,031b,4,D9 1A EE 4E
1787916250.964441,34680,031c,2,CB E5
1787916250.976908,34680,031d,4,1C 91 7D B2
1787916250.987466,34680,031e,3,8E 12 00
1787916250.998012,34680,031f,3,9A 2D 56
1787916251.008584,34680,0320,3,7C E2 15
1787916251.019030,34680,0321,4,05 E4 2A 77
1787916251.029436,34680,0322,3,5A 1E 25
1787916251.039743,34680,0323,5,72 2D 46 5D 97
1787916251.050215,34680,0324,4,D3 7D 44 93
1787916251.060617,34680,0325,5,7F 2F 78 9C 06
1787916251.071642,34680,0326,3,B1 54 B8
1787916251.082484,34680,0327,2,01 8F
1787916251.093099,34680,0328,4,55 4D 3C 27
1787916251.116276,34680,0329,1,43
1787916251.126688,34680,032a,4,9A B8 DC 14
1787916251.137301,34680,032b,2,E6 DC
1787916251.147742,34680,032c,3,14 E3 22
1787916251.158321,34680,032d,2,43 B7
1787916251.168778,34680,032e,1,76
1787916251.179242,34680,032f,2,F9 2D
1787916251.189753,34680,0330,3,14 A3 94
1787916251.200262,34680,0331,2,38 8F
1787916251.210863,34680,0332,5,61 A0 1F 5D 4D
1787916251.221440,34680,0333,3,74 53 42
1787916251.232125,34680,0334,4,91 C3 E3 6A
1787916251.242945,34680,0335,4,48 FC 76 97
1787916251.253501,34680,0336,1,9C
1787916251.264100,34680,0337,5,3E D6 57 63 B1
1787916251.274756,34680,0338,5,46 03 60 E7 AC
1787916251.285229,34680,0339,5,7D BC 3A 3F CF
1787916251.297496,34680,033a,5,7B 78 71 F2 B7
1787916251.308203,34680,033b,4,87 BE 43 0B
1787916251.319083,34680,033c,3,81 5B D6
1787916251.330385,34680,033d,3,36 9B 10
1787916251.341626,34680,033e,4,90 D6 AC 64
1787916251.352332,34680,033f,4,D6 E3 1B 19
1787916251.362900,34680,0340,3,0D C3 A7
1787916251.373469,34680,0341,5,31 08 AE 51 1C
1787916251.384071,34680,0342,3,5B 6E 3B
1787916251.394827,34680,0343,4,18 F4 B3 31
1787916251.406025,34680,0344,5,0D 8B EE 34 CF
1787916251.416741,34680,0345,1,A8
1787916251.427310,34680,0346,2,BA 7D
1787916251.437852,34680,0347,5,C7 98 9B 16 D0
1787916251.448316,34680,0348,1,6A
1787916251.458762,34680,0349,1,E9
1787916251.469269,34680,034a,5,DC 0E 0F B7 AF
1787916251.479887,34680,034b,1,B3
1787916251.491483,34680,034c,2,54 1B
1787916251.502074,34680,034d,1,8C
1787916251.512592,34680,034e,5,3E 12 43 0D E0
1787916251.523747,34680,034f,5,70 41 3E 8F 77
1787916251.534319,34680,0350,4,64 4A CE D7
1787916251.545096,34680,0351,2,57 E8
1787916251.555766,34680,0352,1,9C
1787916251.566440,34680,0353,1,9F
1787916251.577362,34680,0354,5,EB 5E 56 ED F0
1787916251.589332,34680,0355,1,D1
1787916251.602452,34680,0356,4,05 0B 7B 99
1787916251.614118,34680,0357,1,46
1787916251.625651,34680,0358,1,CA
1787916251.636259,34680,0359,1,87
1787916251.646813,34680,035a,5,C3 7B 01 05 55
1787916251.657284,34680,035b,5,6E 81 5C 25 CD
1787916251.669357,34680,035c,4,52 54 46 1B
1787916251.680611,34680,035d,1,69
1787916251.691120,34680,035e,4,58 E6 87 65
1787916251.701538,34680,035f,1,B7
1787916251.711954,34680,0360,3,95 0B 25
1787916251.722350,34680,0361,4,17 96 15 59
1787916251.732694,34680,0362,5,B0 86 41 5F 41
1787916251.743302,34680,0363,1,FE
1787916251.753748,34680,0364,1,F2
1787916251.764142,34680,0365,3,3D 94 1C
1787916251.774789,34680,0366,4,34 BE 95 73
1787916251.785638,34680,0367,3,FA E8 7D
1787916251.796013,34680,0368,3,C6 F2 22
1787916251.806414,34680,0369,2,E5 12
1787916251.816818,34680,036a,4,72 14 83 D9
1787916251.827205,34680,036b,1,F9
1787916251.837657,34680,036c,2,69 35
1787916261.851716,34680,036e,2,D9 BE
1787916261.861814,34680,036f,1,06
1787916261.872326,34680,0370,5,9E F6 AF 62 A6
1787916261.882604,34680,0371,3,5B 94 7F
1787916261.893780,34680,0372,3,35 64 FA
1787916261.904074,34680,0373,2,AE 85
1787916261.914668,34680,0374,4,6D 05 59 05
1787916261.926142,34680,0375,5,B1 FF 98 9D A6
1787916261.936888,34680,0376,3,E9 E8 B8
1787916261.947351,34680,0377,1,E6
1787916261.957729,34680,0378,4,42 DC 1A 7E
1787916261.968141,34680,0379,1,25
1787916261.978590,34680,037a,1,AD
1787916261.988924,34680,037b,4,6A 6E 1A 0E
1787916262.000536,34680,037c,3,28 48 FA
1787916262.011265,34680,037d,2,A3 86
1787916262.021856,34680,037e,1,7F
1787916262.032640,34680,037f,5,25 F6 38 5D 08
1787916262.043095,34680,0380,1,64
1787916262.053487,34680,0381,3,22 34 7A
1787916262.063877,34680,0382,5,F2 4B E1 A1 EA
1787916262.074140,34680,0383,3,48 7F 26
1787916262.084419,34680,0384,5,06 C0 E9 27 61
1787916262.094821,34680,0385,3,A7 B1 F0
1787916262.105181,34680,0386,3,AB 94 47
1787916262.115523,34680,0387,3,AC 21 7F
1787916262.125791,34680,0388,3,84 12 1B
1787916262.138132,34680,0389,4,0F D2 E6 DA
1787916262.148583,34680,038a,4,32 7F 08 D1
1787916262.159034,34680,038b,5,26 92 94 18 98
1787916262.169690,34680,038c,2,59 3E
1787916262.180144,34680,038d,4,05 CB FF C2
1787916262.190517,34680,038e,2,60 CB
1787916262.200870,34680,038f,5,3B 11 6D EE DE
1787916262.211689,34680,0390,3,BB 8B 3C
1787916262.222190,34680,0391,5,1E A9 23 CB 77
1787916262.232979,34680,0392,4,61 21 25 18
1787916262.243628,34680,0393,5,7F 64 13 3D BA
1787916262.254233,34680,0394,3,87 45 7F
1787916262.264661,34680,0395,2,EE 79
1787916262.275497,34680,0396,5,4B D5 52 B3 F2
1787916262.286247,34680,0397,3,DB 76 FA
1787916262.296701,34680,0398,4,01 FE 5C 0D
1787916262.307124,34680,0399,1,E1
1787916262.317596,34680,039a,5,8F 3C D0 B4 7C
1787916262.327877,34680,039b,5,C1 47 69 D2 C0
1787916262.338395,34680,039c,2,4D 6B
1787916262.348702,34680,039d,5,48 10 6A 85 64
1787916262.359094,34680,039e,1,16
1787916262.369520,34680,039f,3,AC 1B 9B
1787916262.379900,34680,03a0,1,19
1787916262.390357,34680,03a1,3,0C E1 91
1787916262.400828,34680,03a2,4,C7 40 27 CC
1787916262.411401,34680,03a3,4,3C FA 81 D1
1787916262.421774,34680,03a4,3,75 3E 54
1787916262.432107,34680,03a5,3,09 09 9F
1787916262.443224,34680,03a6,4,70 04 31 4D
1787916262.453787,34680,03a7,5,4E F0 E8 93 01
1787916262.464288,34680,03a8,4,A9 AA 32 B6
1787916262.474813,34680,03a9,4,CB B7 FE 16
1787916262.485136,34680,03aa,3,4B CA 77
1787916262.495656,34680,03ab,3,8F 95 A5
1787916262.505994,34680,03ac,5,2D FF 22 1F AE
1787916262.516580,34680,03ad,1,31
1787916262.527024,34680,03ae,5,64 C0 0B CE AE
1787916262.537982,34680,03af,5,A6 E0 EE E7 C2
1787916262.548735,34680,03b0,2,DC B1
1787916262.559415,34680,03b1,1,BE
1787916262.571717,34680,03b2,3,A2 71 DA
1787916262.582565,34680,03b3,1,D8
1787916262.625304,34680,03b4,4,21 2E 24 84
1787916262.648241,34680,03b5,2,44 72
1787916262.661702,34680,03b6,4,31 BB 48 32
1787916262.672861,34680,03b7,4,C3 91 6B B6
1787916262.683804,34680,03b8,2,98 36
1787916262.694663,34680,03b9,2,A7 13
1787916262.705185,34680,03ba,1,2D
1787916262.716084,34680,03bb,5,E5 C3 62 3C 58
1787916262.726521,34680,03bc,3,90 C3 8D
1787916262.736930,34680,03bd,4,8B B4 EC 53
1787916262.747388,34680,03be,4,F9 F8 A1 7E
1787916262.758444,34680,03bf,2,7F 0B
1787916262.768946,34680,03c0,2,41 A0
1787916262.779575,34680,03c1,1,61
1787916262.789866,34680,03c2,5,1F A3 13 D3 79
1787916262.800236,34680,03c3,2,E3 E1
1787916262.810634,34680,03c4,5,CE 91 D2 94 ED
1787916262.820977,34680,03c5,2,84 63
1787916262.831333,34680,03c6,4,86 F5 0C F0
1787916262.841929,34680,03c7,3,F3 D3 85
1787916262.852375,34680,03c8,2,C3 6A
1787916262.863069,34680,03c9,5,78 75 5D 1F B3
1787916262.873576,34680,03ca,2,A2 1F
1787916262.884027,34680,03cb,1,9E
1787916262.894472,34680,03cc,4,EB 0D FA 62
1787916262.904898,34680,03cd,3,AD F2 CA
1787916262.915211,34680,03ce,1,C6
1787916262.925609,34680,03cf,2,CD 8D
1787916262.936157,34680,03d0,5,32 54 E3 F7 5F
1787916262.949067,34680,03d1,5,C2 D2 37 F8 18
1787916262.959519,34680,03d2,2,10 0D
1787916262.970370,34680,03d3,2,57 92
1787916262.980715,34680,03d4,1,83
1787916262.991143,34680,03d5,1,7D
1787916263.001714,34680,03d6,1,C0
1787916263.012039,34680,03d7,5,DB E8 1D AF 6D
1787916263.023659,34680,03d8,1,3A
1787916263.034127,34680,03d9,3,5E 7F 91
1787916263.044571,34680,03da,3,83 0C 5E
1787916263.054930,34680,03db,1,28
1787916263.065418,34680,03dc,3,1F 92 BA
1787916263.076018,34680,03dd,4,D2 A3 C6 6C
1787916263.086515,34680,03de,3,09 6E 11
1787916263.096882,34680,03df,1,EC
1787916263.107240,34680,03e0,1,5B
1787916263.117759,34680,03e1,2,9B 84
1787916263.128201,34680,03e2,1,4E
1787916263.138551,34680,03e3,2,A7 58
1787916263.149240,34680,03e4,4,27 4F EE FD
1787916263.159731,34680,03e5,2,99 F8
1787916263.170084,34680,03e6,4,F7 A3 74 F3
1787916263.182511,34680,03e7,1,80
1787916263.192816,34680,03e8,1,C2
1787916263.203204,34680,03e9,1,A4
1787916263.213637,34680,03ea,5,BA 22 61 81 BA
1787916263.223933,34680,03eb,3,39 8B D8
1787916263.234312,34680,03ec,1,C9
1787916263.245899,34680,03ed,2,0D E2
1787916263.256472,34680,03ee,4,E4 4B 03 1C
1787916263.266937,34680,03ef,5,80 62 CF 62 64
1787916263.277473,34680,03f0,2,9E 5F
1787916263.288105,34680,03f1,1,EA
1787916263.298886,34680,03f2,4,19 16 E3 C6
1787916263.309513,34680,03f3,4,B0 26 5A D8
1787916263.321521,34680,03f4,3,D7 39 F0
1787916263.332020,34680,03f5,4,C6 D2 C9 3C
1787916263.342706,34680,03f6,1,24
1787916263.353196,34680,03f7,5,96 ED FE 9E AA
1787916263.363738,34680,03f8,4,3E 6F 1A 69
1787916263.374188,34680,03f9,2,D0 D7
1787916263.384733,34680,03fa,3,65 DB E8
1787916263.395259,34680,03fb,5,E0 3F 64 75 0C
1787916263.405730,34680,03fc,2,07 34
1787916263.416320,34680,03fd,4,06 05 A4 8D
1787916263.426721,34680,03fe,2,BE 07
1787916263.437186,34680,03ff,1,44
1787916263.447617,34680,0400,2,6E 4D
1787916263.458267,34680,0401,3,CF 4D 88
1787916263.468874,34680,0402,2,2F F0
1787916263.479756,34680,0403,2,A3 0C
1787916263.490337,34680,0404,1,44
1787916263.500928,34680,0405,1,04
1787916263.511454,34680,0406,5,95 AF 81 8E 3C
1787916263.526953,34680,0407,3,AE D6 1D
1787916263.537472,34680,0408,2,64 F7
1787916263.548452,34680,0409,4,D5 1E 7B F4
1787916263.558887,34680,040a,4,FC 2E AC 29
1787916263.569448,34680,040b,1,46
1787916263.579920,34680,040c,2,91 C7
1787916263.593538,34680,040d,2,25 B4
1787916263.604804,34680,040e,1,A9
1787916263.615410,34680,040f,2,C7 A5
1787916263.629049,34680,0410,4,99 FE EB 26
1787916263.639466,34680,0411,1,EB
1787916263.649840,34680,0412,5,DD E9 B9 31 5A
1787916263.660577,34680,0413,1,EF
1787916263.670932,34680,0414,4,CC 98 74 88
1787916263.681273,34680,0415,1,35
1787916263.691691,34680,0416,5,03 83 6B CB E9
1787916263.702969,34680,0417,2,94 AA
1787916263.714083,34680,0418,2,98 28
1787916263.755747,34680,0419,5,EF 64 0B B7 A2
1787916263.766172,34680,041a,4,1C 51 6A 18
1787916263.786942,34680,041b,5,7D 81 B1 C7 D6
1787916263.800110,34680,041c,3,03 42 97
1787916263.811662,34680,041d,5,38 48 11 94 07
1787916263.824393,34680,041e,3,B2 1A AF
1787916263.834818,34680,041f,3,08 C9 C1
1787916263.845248,34680,0420,4,47 F5 26 34
1787916263.856212,34680,0421,3,E7 F5 55
1787916263.866966,34680,0422,2,41 24
1787916263.877394,34680,0423,1,C9
1787916263.887885,34680,0424,4,6A FF 80 8D
1787916263.898332,34680,0425,2,0D CD
1787916263.908877,34680,0426,2,45 DB
1787916263.919252,34680,0427,4,5E BF 93 60
1787916263.929666,34680,0428,5,EE F9 2F B9 BD
1787916263.942374,34680,0429,3,22 37 3C
1787916263.952747,34680,042a,1,68
1787916263.963356,34680,042b,2,76 13
1787916263.974411,34680,042c,3,13 05 93
1787916263.984814,34680,042d,1,B4
1787916263.995334,34680,042e,1,45
1787916264.006091,34680,042f,5,15 A6 AF 81 55
1787916264.017363,34680,0430,5,01 12 81 69 83
1787916264.029948,34680,0431,5,35 CC E5 C1 1D
1787916264.040836,34680,0432,3,C9 E2 34
1787916264.051415,34680,0433,5,9C 6C 41 36 42
1787916264.062120,34680,0434,2,59 A8
1787916264.072688,34680,0435,2,21 DB
1787916264.083879,34680,0436,1,3B
1787916264.094371,34680,0437,1,CC
1787916264.105154,34680,0438,4,B9 22 DE E8
1787916264.116013,34680,0439,5,69 C3 BA 37 7F
1787916264.128632,34680,043a,4,5A 8A 26 24
1787916264.141954,34680,043b,2,03 97
1787916264.152815,34680,043c,5,FC D6 10 8D C1
1787916264.164210,34680,043d,5,AA 4D E5 03 DA
1787916264.175346,34680,043e,3,AB 05 B8
1787916264.185944,34680,043f,1,28
1787916264.196837,34680,0440,4,15 14 2E BC
1787916264.207516,34680,0441,3,5A B9 F0
1787916264.218632,34680,0442,4,B7 F5 39 8D
1787916264.229290,34680,0443,4,1F 97 1E 6E
1787916264.239970,34680,0444,2,97 E6
1787916264.250678,34680,0445,3,65 41 C4
1787916264.263872,34680,0446,5,C3 8A CC 57 CE
1787916264.279127,34680,0447,4,14 BB E7 13
1787916264.291826,34680,0448,4,B2 73 41 E5
1787916264.302849,34680,0449,4,B5 CE E7 00
1787916264.314923,34680,044a,2,A6 D6
1787916264.326548,34680,044b,1,B8
1787916264.340984,34680,044c,3,B9 35 5C
1787916264.352743,34680,044d,4,1F 69 17 7F
1787916264.363847,34680,044e,5,8D 17 4D 08 E3
1787916264.374675,34680,044f,2,67 67
1787916264.385130,34680,0450,2,B5 21
1787916264.395789,34680,0451,1,4D
1787916264.406399,34680,0452,1,DD
1787916264.416942,34680,0453,1,46
1787916264.427539,34680,0454,2,C6 75
1787916264.438414,34680,0455,2,A3 8B
1787916264.449103,34680,0456,4,D8 F2 19 64
1787916264.459657,34680,0457,3,D8 D7 6B
1787916264.470362,34680,0458,2,7E DB
1787916264.481048,34680,0459,2,2C 1B
1787916264.491718,34680,045a,1,C0
1787916264.502395,34680,045b,5,BD 2A 01 A8 6F
1787916264.513117,34680,045c,5,A8 DA F9 4C C5
1787916264.523764,34680,045d,1,80
1787916264.534438,34680,045e,4,43 39 FB 8A
1787916264.550122,34680,045f,5,18 91 E4 29 EF
1787916264.560843,34680,0460,4,C7 7F C7 BC
1787916264.571817,34680,0461,3,E0 0E 4D
1787916264.582465,34680,0462,3,90 96 FE
1787916264.593321,34680,0463,3,AF C5 56
1787916264.603806,34680,0464,5,E3 1F FB E7 23
1787916264.615377,34680,0465,4,1E CF E0 BF
1787916264.625985,34680,0466,4,D7 1B 3F F9
1787916264.636669,34680,0467,4,7F 63 95 EA
1787916264.647379,34680,0468,3,0B F3 FA
1787916264.659056,34680,0469,5,BD 2A 8F 8F B5
1787916264.669940,34680,046a,2,23 74
1787916264.681240,34680,046b,5,57 5E CD 77 E0
1787916264.692011,34680,046c,2,03 9E
1787916264.702631,34680,046d,3,F4 FD 2E
1787916264.713691,34680,046e,1,6E
1787916264.724259,34680,046f,4,58 A4 8B D5
1787916264.734855,34680,0470,5,62 4D EB D8 AB
1787916264.745391,34680,0471,1,9B
1787916264.756503,34680,0472,5,D2 5F 28 AA 40
1787916264.767088,34680,0473,2,17 01
1787916264.777595,34680,0474,5,73 36 16 57 0D
1787916264.788245,34680,0475,4,90 0A 11 38
1787916264.798674,34680,0476,2,9B D9
1787916264.809105,34680,0477,4,51 53 BC 4B
1787916264.819798,34680,0478,1,90
1787916264.830348,34680,0479,1,AE
1787916264.840972,34680,047a,4,76 25 55 39
1787916264.851500,34680,047b,2,46 CC
1787916264.862690,34680,047c,5,10 1A 13 4E E7
1787916264.873347,34680,047d,5,29 53 DF E6 38
1787916264.884175,34680,047e,3,75 BB 26
1787916264.894992,34680,047f,3,EE ED 0D
1787916264.905671,34680,0480,1,6D
1787916264.919251,34680,0481,1,CD
1787916264.935027,34680,0482,4,21 3D 74 82
1787916264.950186,34680,0483,3,D2 35 66
1787916264.961050,34680,0484,5,47 F4 F6 84 E3
1787916264.971930,34680,0485,3,BC E9 A5
1787916264.982950,34680,0486,5,6A 3D 80 4A 63
1787916264.993707,34680,0487,4,7E 67 65 42
1787916265.004392,34680,0488,1,6C
1787916265.015878,34680,0489,4,6A 9C F7 75
1787916265.027189,34680,048a,4,0B 50 45 CA
1787916265.037853,34680,048b,4,DC CB FA 26
1787916265.048576,34680,048c,5,F9 1F DF B3 9F
1787916265.059397,34680,048d,5,79 89 C7 5E 97
1787916265.070174,34680,048e,1,A6
1787916265.081611,34680,048f,1,37
1787916265.092162,34680,0490,4,8F E4 ED 10
1787916265.102822,34680,0491,1,A7
1787916265.113408,34680,0492,1,FD
1787916265.123914,34680,0493,3,AC EB 3F
1787916265.134585,34680,0494,4,64 9B B4 D7
1787916265.145533,34680,0495,3,5C 14 AC
1787916265.156071,34680,0496,5,55 A3 5B C5 E9
1787916265.166818,34680,0497,1,A0
1787916265.177684,34680,0498,4,07 95 5A E7
1787916265.188511,34680,0499,3,EE 26 69
1787916265.199366,34680,049a,4,56 37 15 9C
1787916265.212106,34680,049b,2,79 76
1787916265.223680,34680,049c,3,73 95 69
1787916265.234263,34680,049d,4,A1 CF 00 B9
1787916265.244918,34680,049e,3,F3 1B 78
1787916265.255602,34680,049f,4,35 42 D6 80
1787916265.266214,34680,04a0,2,FF A0
1787916265.276730,34680,04a1,5,2C 8C 8B DF 34
1787916265.287282,34680,04a2,2,0D 14
1787916265.297831,34680,04a3,3,F0 7E 82
1787916265.308345,34680,04a4,3,B9 55 D3
1787916265.319168,34680,04a5,4,12 60 01 36
1787916265.329890,34680,04a6,5,C2 11 99 05 AE
1787916265.340467,34680,04a7,3,61 9E 73
1787916265.351412,34680,04a8,1,9F
1787916265.362070,34680,04a9,2,4E FE
1787916265.372587,34680,04aa,4,45 1D 5A 2B
1787916265.383211,34680,04ab,2,E3 F8
1787916265.400321,34680,04ac,3,87 18 2F
1787916265.411073,34680,04ad,2,86 05
1787916265.421802,34680,04ae,1,1C
1787916265.432415,34680,04af,3,12 BE 69
1787916265.443093,34680,04b0,3,FA 56 C4
1787916265.453635,34680,04b1,3,A0 91 BC
1787916265.464264,34680,04b2,3,10 72 A5
1787916265.475000,34680,04b3,5,82 EF 00 F0 89
1787916265.485827,34680,04b4,5,A8 54 0B B9 FA
1787916265.496537,34680,04b5,4,35 96 D0 34
1787916265.507640,34680,04b6,3,F2 DB 5A
1787916265.519045,34680,04b7,2,03 14
1787916265.529596,34680,04b8,2,28 E6
1787916265.540322,34680,04b9,5,55 FC 4A 65 66
1787916265.550909,34680,04ba,1,CA
1787916265.561540,34680,04bb,5,73 D4 0D 35 55
1787916265.573319,34680,04bc,3,9C EC A0
1787916265.583835,34680,04bd,3,C7 76 EE
1787916265.594494,34680,04be,2,9E BD
1787916265.604958,34680,04bf,5,DA B5 8E 76 7F
1787916265.615563,34680,04c0,2,A3 28
1787916265.626518,34680,04c1,2,9D 87
1787916265.637161,34680,04c2,2,E9 DB
1787916265.647770,34680,04c3,3,7B 5B 33
1787916265.658422,34680,04c4,4,37 67 16 71
1787916265.669345,34680,04c5,1,78
1787916265.679845,34680,04c6,1,EA
1787916265.690485,34680,04c7,2,92 E4
1787916265.701004,34680,04c8,1,81
1787916265.711656,34680,04c9,5,9C 26 FE 04 1C
1787916265.722245,34680,04ca,1,CE
1787916265.733388,34680,04cb,2,1A FE
1787916265.744121,34680,04cc,5,A9 0C 6A D9 84
1787916265.755355,34680,04cd,3,C3 31 06
1787916265.766146,34680,04ce,1,71
1787916265.776841,34680,04cf,5,6F E5 E4 B6 03
1787916265.787552,34680,04d0,3,D8 2F 85
1787916265.798416,34680,04d1,5,A8 F3 A5 2A C5
1787916265.809349,34680,04d2,2,1E 56
1787916265.819855,34680,04d3,4,EE A6 FD E2
1787916265.830713,34680,04d4,5,EA 9B B0 18 90
1787916265.841322,34680,04d5,2,FB 7E
1787916265.851968,34680,04d6,4,1B 24 04 60
1787916265.863366,34680,04d7,2,DD 98
1787916265.874063,34680,04d8,1,71
1787916265.884797,34680,04d9,3,AB D1 74
1787916265.895587,34680,04da,4,34 0D 13 F1
1787916265.906223,34680,04db,5,DD 28 59 F5 E1
1787916265.916903,34680,04dc,1,DB
1787916265.927728,34680,04dd,3,78 DA 4F
1787916265.938473,34680,04de,5,7F 7E 49 85 92
1787916265.949026,34680,04df,2,6E 70
1787916265.964121,34680,04e0,3,59 7E 14
1787916265.974767,34680,04e1,2,E5 0F
1787916265.986501,34680,04e2,5,66 8A A7 C8 DB
1787916265.997217,34680,04e3,3,10 AB 5F
1787916266.007823,34680,04e4,4,3B CB D6 78
1787916266.018464,34680,04e5,2,07 87
1787916266.029088,34680,04e6,5,00 D6 4F A5 6D
1787916266.039683,34680,04e7,2,F4 C5
1787916266.077432,34680,04e8,3,9B 07 8A
1787916266.088365,34680,04e9,1,B6
1787916266.100299,34680,04ea,1,70
1787916266.111555,34680,04eb,2,18 4E
1787916266.122335,34680,04ec,5,E9 74 76 94 14
1787916266.133224,34680,04ed,3,27 F0 2A
1787916266.146297,34680,04ee,4,3E DD DD CE
1787916266.157533,34680,04ef,1,EC
1787916266.168417,34680,04f0,1,A5
1787916266.181421,34680,04f1,3,64 AD A9
1787916266.192484,34680,04f2,5,C5 DE 9C B4 B8
1787916266.203322,34680,04f3,5,0D 86 13 D7 54
1787916266.214166,34680,04f4,3,9C 79 96
1787916266.224694,34680,04f5,5,71 FA 7A 7F 3F
1787916266.235448,34680,04f6,2,D5 7F
1787916266.246111,34680,04f7,5,71 6C C4 E4 91
1787916266.256744,34680,04f8,5,CE F0 4D 90 6B
1787916266.267381,34680,04f9,3,F5 22 21
1787916266.278643,34680,04fa,3,DE 34 65
1787916266.289235,34680,04fb,1,07
1787916266.300325,34680,04fc,1,50
1787916266.311156,34680,04fd,5,00 A9 4D 14 A5
1787916266.321851,34680,04fe,2,71 7F
1787916266.332795,34680,04ff,2,41 7E
1787916266.348011,34680,0500,1,FF
1787916266.358798,34680,0501,5,2F 13 FD 91 81
1787916266.373919,34680,0502,3,52 00 1E
1787916266.384473,34680,0503,4,B4 BB 5F 6B
1787916266.395116,34680,0504,5,F9 B1 F0 58 96
1787916266.405815,34680,0505,5,08 C9 31 6D D3
1787916266.416930,34680,0506,1,12
1787916266.427497,34680,0507,2,FE E0
1787916266.438442,34680,0508,4,C3 44 41 24
1787916266.461295,34680,0509,1,45
1787916266.471921,34680,050a,3,85 19 B3
1787916266.482482,34680,050b,1,A5
1787916266.493465,34680,050c,3,19 71 32
1787916266.503988,34680,050d,1,ED
1787916266.514939,34680,050e,2,02 A6
1787916266.534300,34680,050f,5,21 C9 8D A3 17
1787916266.545061,34680,0510,3,3C B5 04
1787916266.556069,34680,0511,2,97 D3
1787916266.566530,34680,0512,4,80 8B E2 AB
1787916266.577066,34680,0513,2,69 E9
1787916266.587671,34680,0514,2,4B 1F
1787916266.598154,34680,0515,4,96 D1 6F D7
1787916266.608609,34680,0516,3,E5 C6 D5
1787916266.619249,34680,0517,5,08 B2 48 6E 34
1787916266.629823,34680,0518,2,B7 87
1787916266.641581,34680,0519,2,28 78
1787916266.652259,34680,051a,5,76 CA FA A3 7C
1787916266.663313,34680,051b,5,AB 77 1F 95 26
1787916266.673945,34680,051c,5,23 9A D1 E9 4D
1787916266.684520,34680,051d,2,3F 4D
1787916266.695566,34680,051e,4,31 7C 31 F2
1787916266.706819,34680,051f,4,D8 E9 8F 47
1787916266.718035,34680,0520,5,88 F3 46 39 C3
1787916266.728555,34680,0521,3,9D 17 60
1787916266.739387,34680,0522,5,CC 93 C4 76 85
1787916266.749963,34680,0523,1,83
1787916266.760700,34680,0524,1,A4
1787916266.771214,34680,0525,1,82
1787916266.782021,34680,0526,1,54
1787916266.793329,34680,0527,5,01 2B 2C 27 D0
1787916266.804157,34680,0528,1,94
1787916266.814913,34680,0529,4,C5 EA 41 D4
1787916266.825815,34680,052a,4,B7 C1 BC 27
1787916266.837515,34680,052b,5,E8 65 83 A0 71
1787916266.848157,34680,052c,4,EC DA 20 1B
1787916266.858824,34680,052d,5,08 15 EE 7E 1D
1787916266.869311,34680,052e,5,FC F2 50 CC 7F
1787916266.879917,34680,052f,3,52 7F 3E
1787916266.890379,34680,0530,2,C7 35
1787916266.900962,34680,0531,1,5E
1787916266.911416,34680,0532,5,74 D0 EC 01 58
1787916266.922978,34680,0533,5,A3 0A 78 89 31
1787916266.933418,34680,0534,5,F3 A1 B5 67 4F
1787916266.943864,34680,0535,1,A6
1787916266.954529,34680,0536,1,7B
1787916266.965041,34680,0537,2,4B 97
1787916266.975637,34680,0538,3,D8 38 A0
1787916266.986246,34680,0539,4,66 7F 1B AA
1787916266.996770,34680,053a,4,1F 52 77 EF
1787916267.007937,34680,053b,3,2E 4D 9F
1787916267.018461,34680,053c,3,F0 E0 D1
1787916267.028883,34680,053d,4,37 80 F9 3B
1787916267.039451,34680,053e,2,AF 21
1787916267.050077,34680,053f,5,1B D0 F9 69 FE
1787916267.060724,34680,0540,1,E6
1787916267.071324,34680,0541,3,DD EA B5
1787916267.081928,34680,0542,1,0B
1787916267.092553,34680,0543,2,AA 55
1787916267.103130,34680,0544,3,CC 5B AD
1787916267.114655,34680,0545,1,2C
1787916267.125168,34680,0546,5,7E D0 EF 47 95
1787916267.135710,34680,0547,3,FC CC FB
1787916267.146297,34680,0548,1,B3
1787916267.156897,34680,0549,2,CC 74
1787916267.167658,34680,054a,5,F6 37 CC C0 25
1787916267.178150,34680,054b,2,B0 D4
1787916267.188756,34680,054c,2,10 A1
1787916267.199502,34680,054d,2,CC 31
1787916267.210673,34680,054e,1,A0
1787916267.221356,34680,054f,3,3B 6A EA
1787916267.243051,34680,0550,5,E5 5F BA 50 FB
1787916267.253767,34680,0551,4,3F 07 D0 A7
1787916267.267487,34680,0552,4,C9 0C 63 94
1787916267.279491,34680,0553,1,C4
1787916267.291750,34680,0554,3,A6 14 01
1787916267.304646,34680,0555,5,10 37 04 B2 02
1787916267.315308,34680,0556,4,5F 5E AC 17
1787916267.326440,34680,0557,4,48 1A 0B 86
1787916267.336997,34680,0558,5,63 9E 58 89 3F
1787916267.348230,34680,0559,1,98
1787916267.358891,34680,055a,2,5D C4
1787916267.369764,34680,055b,2,69 42
1787916267.380584,34680,055c,2,DE 0E
1787916267.391087,34680,055d,3,98 7A EE
1787916267.401868,34680,055e,4,9F 1B EB 4B
1787916267.412669,34680,055f,4,9F 58 04 4E
1787916267.423214,34680,0560,5,86 76 E1 7E 1E
1787916267.433852,34680,0561,2,78 DD
1787916267.444334,34680,0562,4,72 25 3D D6
1787916267.454987,34680,0563,3,B2 62 57
1787916267.465867,34680,0564,4,F3 CE CC 82
1787916267.476649,34680,0565,3,24 4C 76
1787916267.487232,34680,0566,1,0B
1787916267.497841,34680,0567,2,9D B2
1787916267.508444,34680,0568,2,38 2A
1787916267.519069,34680,0569,5,86 11 23 ED FF
1787916267.529760,34680,056a,2,26 8E
1787916267.540517,34680,056b,3,3B 17 20
1787916267.551296,34680,056c,3,0A F6 BB
1787916267.562167,34680,056d,2,2E 75
1787916267.573552,34680,056e,2,2D FA
1787916267.584054,34680,056f,4,3E 1A B8 B5
1787916267.594571,34680,0570,2,3F 09
1787916267.605083,34680,0571,1,95
1787916267.615685,34680,0572,5,39 E9 F0 98 11
1787916267.627244,34680,0573,1,FA
1787916267.637887,34680,0574,4,05 3C 97 E9
1787916267.648597,34680,0575,1,E4
1787916267.659287,34680,0576,1,9E
1787916267.670019,34680,0577,4,56 BD DA E2
1787916267.680732,34680,0578,5,79 AA 48 95 77
1787916267.691504,34680,0579,5,93 60 B7 ED 9B
1787916267.702025,34680,057a,4,DD 34 B1 FA
1787916267.712539,34680,057b,4,3A 39 DC 28
1787916267.733381,34680,057c,4,E4 A2 0A 19
1787916267.743910,34680,057d,4,29 41 BF EE
1787916267.754483,34680,057e,2,CD 1E
1787916267.765122,34680,057f,3,32 3A 52
1787916267.775732,34680,0580,4,09 85 35 93
1787916267.786630,34680,0581,2,8C FA
1787916267.797258,34680,0582,5,94 27 2A C8 A7
1787916267.808023,34680,0583,5,E2 E8 51 19 8F
1787916267.818746,34680,0584,1,1D
1787916267.829379,34680,0585,4,A1 75 E0 71
1787916267.839989,34680,0586,2,13 D9
1787916267.850798,34680,0587,4,50 50 AD 33
1787916267.861671,34680,0588,2,E7 2A
1787916267.872792,34680,0589,2,30 DC
1787916267.883457,34680,058a,2,80 76
1787916267.894086,34680,058b,5,4A 21 B4 61 7D
1787916267.904623,34680,058c,5,86 F9 71 5C 36
1787916267.915622,34680,058d,2,94 61
1787916267.926251,34680,058e,4,82 4A D1 7A
1787916267.937045,34680,058f,4,66 B9 79 58
1787916267.947603,34680,0590,1,AF
1787916267.958175,34680,0591,1,4B
1787916267.968740,34680,0592,3,25 9C 1E
1787916267.979366,34680,0593,5,A9 D8 D8 0C 73
1787916267.989986,34680,0594,3,15 17 C1
1787916268.000680,34680,0595,2,22 E9
1787916268.011445,34680,0596,1,7A
1787916268.022015,34680,0597,1,02
1787916268.033091,34680,0598,2,8F 02
1787916268.043778,34680,0599,3,D5 3F 56
1787916268.054192,34680,059a,4,9E 54 14 DA
1787916268.064670,34680,059b,2,50 BD
1787916268.075309,34680,059c,1,2A
1787916268.085760,34680,059d,4,13 F8 F1 23
1787916268.096452,34680,059e,5,18 F0 38 98 81
1787916268.106891,34680,059f,3,5F 77 C8
1787916268.117586,34680,05a0,5,B6 60 A0 89 FA
1787916268.128125,34680,05a1,5,1D B6 CD D4 95
1787916268.138873,34680,05a2,4,D7 7E A7 9A
1787916268.149500,34680,05a3,1,76
1787916268.159996,34680,05a4,4,E7 D1 04 43
1787916268.170624,34680,05a5,5,A1 D5 55 DF CC
1787916268.181086,34680,05a6,4,87 73 02 19
1787916268.191605,34680,05a7,3,3C C4 CA
1787916268.202462,34680,05a8,3,9E 31 A4
1787916268.213087,34680,05a9,4,3D 08 63 D0
1787916268.224255,34680,05aa,2,D3 49
1787916268.234753,34680,05ab,2,B2 24
1787916268.245438,34680,05ac,2,94 B7
1787916268.255910,34680,05ad,1,73
1787916268.266520,34680,05ae,5,A0 9F B3 5B 6D
1787916268.277256,34680,05af,2,23 F4
1787916268.287777,34680,05b0,3,51 BB 49
1787916268.299086,34680,05b1,1,B7
1787916268.310124,34680,05b2,1,86
1787916268.321064,34680,05b3,2,E1 05
1787916268.331604,34680,05b4,5,03 84 7D 1B C4
1787916268.342188,34680,05b5,4,B8 7D FA 2B
1787916268.352718,34680,05b6,4,E2 87 DF E4
1787916268.363325,34680,05b7,2,38 2F
1787916268.375177,34680,05b8,5,93 6D 6A 71 B7
1787916268.385723,34680,05b9,4,63 5C A0 F4
1787916268.396331,34680,05ba,3,3A 50 5A
1787916268.407900,34680,05bb,1,4A
1787916268.421164,34680,05bc,1,32
1787916268.439012,34680,05bd,5,97 0D 3B 01 A3
1787916268.450511,34680,05be,3,57 14 D1
1787916268.461645,34680,05bf,1,27
1787916268.473727,34680,05c0,1,04
1787916268.484986,34680,05c1,5,51 AD 4D 44 10
1787916268.495685,34680,05c2,1,DC
1787916268.506257,34680,05c3,5,76 ED 85 DE 44
1787916268.517164,34680,05c4,2,D4 FF
1787916268.529297,34680,05c5,2,B6 07
1787916268.539906,34680,05c6,2,13 AC
1787916268.551269,34680,05c7,1,2C
1787916268.561868,34680,05c8,1,CA
1787916268.572709,34680,05c9,1,1E
1787916268.583317,34680,05ca,1,F7
1787916268.594185,34680,05cb,1,A8
1787916268.604771,34680,05cc,3,D9 7C 3F
1787916268.616134,34680,05cd,3,BF 23 50
1787916268.626649,34680,05ce,5,03 A1 37 00 33
1787916268.637283,34680,05cf,1,3F
1787916268.647861,34680,05d0,2,F7 0B
1787916268.658595,34680,05d1,4,75 D9 64 F0
1787916268.669180,34680,05d2,4,D3 99 F8 61
1787916268.679757,34680,05d3,4,03 4A 94 C6
1787916268.690490,34680,05d4,1,26
1787916268.701103,34680,05d5,3,1D C1 CC
1787916268.711680,34680,05d6,4,42 B0 08 F3
1787916268.722244,34680,05d7,4,2D 8B 92 C9
1787916268.732850,34680,05d8,4,B9 AC B4 03
1787916268.743360,34680,05d9,4,30 06 0A E3
1787916268.754590,34680,05da,2,DC 72
1787916268.765333,34680,05db,2,75 D2
1787916268.776143,34680,05dc,3,94 00 24
1787916268.789427,34680,05dd,4,7B 92 A6 28
1787916268.800075,34680,05de,1,D9
1787916268.810670,34680,05df,4,19 7C 53 07
1787916268.821283,34680,05e0,3,39 55 2E
1787916268.831948,34680,05e1,2,54 C7
1787916268.842556,34680,05e2,4,46 4E 27 AA
1787916268.853302,34680,05e3,5,68 7E 78 79 85
1787916268.864154,34680,05e4,1,A8
1787916268.875086,34680,05e5,3,6F F2 C6
1787916268.886244,34680,05e6,1,5D
1787916268.896949,34680,05e7,5,58 68 2F 49 1F
1787916268.907785,34680,05e8,5,F2 20 25 5E B7
1787916268.918665,34680,05e9,5,FA E6 82 49 A1
1787916268.929581,34680,05ea,2,D1 1C
1787916268.940219,34680,05eb,3,D9 B9 18
1787916268.950957,34680,05ec,2,20 47
1787916268.961576,34680,05ed,3,12 FF 79
1787916268.972275,34680,05ee,1,85
1787916268.982984,34680,05ef,5,4E AA EB 17 23
1787916268.993763,34680,05f0,5,ED 8C D8 0A 83
1787916269.004640,34680,05f1,1,2C
1787916269.015342,34680,05f2,4,CF 61 E9 CD
1787916269.026208,34680,05f3,2,0A 1A
1787916269.037264,34680,05f4,2,C2 F6
1787916269.088034,34680,05f5,2,26 44
1787916269.098946,34680,05f6,3,57 25 4D
1787916269.109701,34680,05f7,4,44 C9 5D EF
1787916269.121137,34680,05f8,1,A1
1787916269.131866,34680,05f9,4,AB EF F4 70
1787916269.142976,34680,05fa,5,82 0D 0B A2 EB
1787916269.153785,34680,05fb,1,9F
1787916269.164491,34680,05fc,1,49
1787916269.174972,34680,05fd,4,BB 0B CC 14
1787916269.185660,34680,05fe,1,6F
1787916269.196148,34680,05ff,2,B3 2D
1787916269.206752,34680,0600,2,7F 49
1787916269.217296,34680,0601,3,DF 16 E7
1787916269.227866,34680,0602,5,DE 86 9C 43 F1
1787916269.238331,34680,0603,2,DE 1F
1787916269.248912,34680,0604,2,48 4F
1787916269.259567,34680,0605,5,19 1B C9 04 35
1787916269.271415,34680,0606,5,BB CA 5D F2 68
1787916269.282011,34680,0607,3,41 27 95
1787916269.292608,34680,0608,5,53 6C F7 F4 CB
1787916269.303386,34680,0609,3,7E 23 30
1787916269.314043,34680,060a,2,68 3F
1787916269.325274,34680,060b,2,47 B7
1787916269.336760,34680,060c,5,12 C1 EC 48 10
1787916269.347488,34680,060d,3,02 A0 99
1787916269.358111,34680,060e,5,FE 67 01 84 9C
1787916269.368647,34680,060f,5,F2 ED E7 E5 04
1787916269.379256,34680,0610,5,21 50 7C 01 EB
1787916269.391546,34680,0611,5,72 34 1F 7D 62
1787916269.403013,34680,0612,5,A0 07 50 3B DC
1787916269.414976,34680,0613,5,DD 09 02 2B D1
1787916269.425656,34680,0614,4,27 C2 E7 84
1787916269.436352,34680,0615,3,91 BF 29
1787916269.446901,34680,0616,2,12 C8
1787916269.459930,34680,0617,2,B2 04
1787916269.470689,34680,0618,1,B6
1787916269.481654,34680,0619,1,7C
1787916269.492262,34680,061a,1,EC
1787916269.512981,34680,061b,3,94 9C 83
1787916269.523664,34680,061c,1,63
1787916269.534408,34680,061d,5,02 7B EA FD DC
1787916269.544976,34680,061e,4,7E 02 F8 32
1787916269.555508,34680,061f,1,05
1787916269.570151,34680,0620,1,CC
1787916269.597632,34680,0621,1,66
1787916269.611065,34680,0622,5,50 4F 92 74 8D
1787916269.623761,34680,0623,1,F5
1787916269.634509,34680,0624,5,E6 40 3D A1 DC
1787916269.645295,34680,0625,4,48 D6 AC 09
1787916269.655740,34680,0626,2,C2 5C
1787916269.667456,34680,0627,1,E9
1787916269.680159,34680,0628,3,56 9A 4C
1787916269.690740,34680,0629,1,95
1787916269.701411,34680,062a,1,F4
1787916269.711963,34680,062b,2,12 28
1787916269.722363,34680,062c,4,7A F8 00 CF
1787916269.732851,34680,062d,3,E3 92 54
1787916269.743204,34680,062e,4,B7 88 E5 56
1787916269.753600,34680,062f,5,7E 8A 31 E3 B3
1787916269.764160,34680,0630,3,54 D7 2F
1787916269.774681,34680,0631,3,28 1F 60
1787916269.785541,34680,0632,3,9E 6B 61
1787916269.797354,34680,0633,1,DE
1787916269.808010,34680,0634,3,61 05 6E
1787916269.818498,34680,0635,4,64 66 81 F7
1787916269.829100,34680,0636,1,45
1787916269.839674,34680,0637,5,84 AD 7F 04 86
1787916269.850281,34680,0638,3,0A A3 72
1787916269.860776,34680,0639,1,4A
1787916269.871837,34680,063a,5,52 15 33 4D 97
1787916269.882471,34680,063b,2,1C 31
1787916269.892938,34680,063c,5,17 CD C8 20 0E
1787916269.903465,34680,063d,2,97 2C
1787916269.913986,34680,063e,5,AD CA FE 23 8E
1787916269.924604,34680,063f,2,A5 EE
1787916269.935984,34680,0640,3,6E D8 91
1787916269.946666,34680,0641,1,33
1787916269.957063,34680,0642,1,7B
1787916269.967530,34680,0643,4,45 FC 96 5A
1787916269.977976,34680,0644,5,34 A9 CD F2 EA
1787916269.994267,34680,0645,3,BC 1E D1
1787916270.006317,34680,0646,2,D7 7A
1787916270.016884,34680,0647,5,54 CD DC 30 61
1787916270.027520,34680,0648,2,A7 E1
1787916270.038079,34680,0649,1,4B
1787916270.048617,34680,064a,4,72 BF 69 6F
1787916270.071712,34680,064b,1,DB
1787916270.084838,34680,064c,2,91 FA
1787916270.103568,34680,064d,5,01 AB 09 61 2A
1787916270.114230,34680,064e,3,53 C5 14
1787916270.124847,34680,064f,3,C2 3F AE
1787916270.135267,34680,0650,4,13 F1 D1 C1
1787916270.146076,34680,0651,1,1B
1787916270.156653,34680,0652,2,7D D3
1787916270.167794,34680,0653,2,79 C6
1787916270.178758,34680,0654,3,6B 29 AE
1787916270.189570,34680,0655,1,D2
1787916270.199995,34680,0656,3,A9 23 33
1787916270.211969,34680,0657,3,51 4F CC
1787916270.222502,34680,0658,4,D3 69 6F 1F
1787916270.233147,34680,0659,5,4D 06 3A F6 7F
1787916270.243759,34680,065a,3,41 E5 4F
1787916270.254249,34680,065b,5,E3 14 4B 5F 21
1787916270.266319,34680,065c,1,3C
1787916270.276772,34680,065d,2,90 E9
1787916270.287343,34680,065e,2,0E 1E
1787916270.297857,34680,065f,4,4C F4 4F D1
1787916270.308405,34680,0660,4,8A 2D C0 EF
1787916270.318910,34680,0661,2,7F C5
1787916270.329344,34680,0662,1,A2
1787916270.339834,34680,0663,5,08 9A 99 F7 49
1787916270.350334,34680,0664,3,0B 64 C2
1787916270.360978,34680,0665,4,AF 82 85 73
1787916270.371730,34680,0666,3,4E 80 57
1787916270.384953,34680,0667,2,EF 31
1787916270.396262,34680,0668,1,72
1787916270.407827,34680,0669,1,1B
1787916270.418598,34680,066a,3,32 64 3D
1787916270.429512,34680,066b,1,03
1787916270.440317,34680,066c,1,14
1787916270.451049,34680,066d,1,B8
1787916270.461740,34680,066e,1,B2
1787916270.472250,34680,066f,5,C0 81 BD 16 55
1787916270.482752,34680,0670,2,78 9D
1787916270.493266,34680,0671,1,F9
1787916270.503792,34680,0672,3,7F 0B A4
1787916270.514389,34680,0673,5,BB AC B6 0C F5
1787916270.524901,34680,0674,5,95 EB AF D3 1F
1787916270.535707,34680,0675,5,E4 4A EF 06 86
1787916270.546624,34680,0676,2,05 F2
1787916270.557100,34680,0677,2,E3 8F
1787916270.567779,34680,0678,5,5C 47 01 D2 52
1787916270.578306,34680,0679,5,60 A0 5B 0B B7
1787916270.589798,34680,067a,1,F4
1787916270.600402,34680,067b,4,9B 21 2B 7A
1787916270.615319,34680,067c,3,58 40 54
1787916270.625972,34680,067d,1,5B
1787916270.636439,34680,067e,2,80 C4
1787916270.647119,34680,067f,4,59 47 06 ED
1787916270.657739,34680,0680,2,B6 C3
1787916270.668346,34680,0681,5,14 05 EB 87 7A
1787916270.679036,34680,0682,5,EA 97 3E 32 CF
1787916270.689590,34680,0683,2,67 9C
1787916270.700322,34680,0684,5,04 BE EC F6 DC
1787916270.710970,34680,0685,2,19 F2
1787916270.750692,34680,0686,4,D6 CC 46 3E
1787916270.761456,34680,0687,3,C5 27 1E
1787916270.778949,34680,0688,5,40 C5 CA E4 6E
1787916270.791106,34680,0689,3,CE D6 67
1787916270.802313,34680,068a,1,36
1787916270.814103,34680,068b,2,39 54
1787916270.825055,34680,068c,5,0F A1 00 75 BC
1787916270.835671,34680,068d,3,E9 19 74
1787916270.846242,34680,068e,1,33
1787916270.857327,34680,068f,3,7A C6 47
1787916270.867813,34680,0690,4,0A 64 01 77
1787916270.878539,34680,0691,5,25 85 06 E4 30
1787916270.889132,34680,0692,5,68 FB 54 46 57
1787916270.899647,34680,0693,4,5E 5D D0 AA
1787916270.910322,34680,0694,4,B7 F2 5E A1
1787916270.920826,34680,0695,5,58 76 C6 AD D9
1787916270.931385,34680,0696,5,6D 72 5E EC A4
1787916270.941904,34680,0697,3,0C 53 87
1787916270.952461,34680,0698,4,9D C4 52 5C
1787916270.963029,34680,0699,2,91 E1
1787916270.973614,34680,069a,5,17 11 95 E8 2E
1787916270.984423,34680,069b,4,F9 11 4C 3E
1787916270.994955,34680,069c,1,ED
1787916271.005468,34680,069d,4,0A B8 DA A0
1787916271.016007,34680,069e,2,F6 F4
1787916271.026549,34680,069f,4,D1 22 0B 4D
1787916271.037087,34680,06a0,1,8C
1787916271.047744,34680,06a1,1,01
1787916271.058500,34680,06a2,3,46 97 F6
1787916271.069231,34680,06a3,2,07 7B
1787916271.079701,34680,06a4,5,20 1B AD 92 02
1787916271.090489,34680,06a5,5,DE A2 89 C5 43
1787916271.101008,34680,06a6,1,CF
1787916271.111555,34680,06a7,3,22 D8 46
1787916271.122287,34680,06a8,3,E0 2D B2
1787916271.134175,34680,06a9,2,3C 48
1787916271.145033,34680,06aa,2,4A B8
1787916271.155603,34680,06ab,1,85
1787916271.166119,34680,06ac,1,C5
1787916271.176706,34680,06ad,3,EB 30 44
1787916271.187111,34680,06ae,2,ED C9
1787916271.197640,34680,06af,2,F0 2D
1787916271.208074,34680,06b0,3,8B D1 13
1787916271.218563,34680,06b1,4,7E 9F 78 0F
1787916271.229121,34680,06b2,5,FA 2B D5 41 65
1787916271.239718,34680,06b3,5,DC FD D6 E5 52
1787916271.250219,34680,06b4,1,49
1787916271.260671,34680,06b5,2,FD 0E
1787916271.281112,34680,06b6,4,CD DF FE F1
1787916271.291892,34680,06b7,2,DA F6
1787916271.302540,34680,06b8,1,33
1787916271.313308,34680,06b9,3,CE EC 09
1787916271.323829,34680,06ba,4,DB D7 EC 06
1787916271.335071,34680,06bb,2,BE 0E
1787916271.345649,34680,06bc,3,37 1E 7D
1787916271.356745,34680,06bd,1,F0
1787916271.367249,34680,06be,4,20 61 10 DF
1787916271.383155,34680,06bf,1,CE
1787916271.394342,34680,06c0,4,03 73 89 EB
1787916271.405565,34680,06c1,3,49 E7 49
1787916271.416156,34680,06c2,4,A1 E7 40 6A
1787916271.426785,34680,06c3,3,E8 D8 C4
1787916271.437306,34680,06c4,1,40
1787916271.448798,34680,06c5,4,D1 3F 16 25
1787916271.459338,34680,06c6,2,2F 2E
1787916271.470972,34680,06c7,2,BB 44
1787916271.483155,34680,06c8,2,C6 50
1787916271.493890,34680,06c9,2,12 0B
1787916271.504817,34680,06ca,4,75 B1 7C B1
1787916271.516062,34680,06cb,5,B9 EE B2 4B 0D
1787916271.526710,34680,06cc,2,81 CA
1787916271.537270,34680,06cd,3,39 98 A6
1787916271.547981,34680,06ce,1,CD
1787916271.558758,34680,06cf,2,5E 60
1787916271.569162,34680,06d0,3,DF 74 CF
1787916271.579851,34680,06d1,2,3D 8E
1787916271.590463,34680,06d2,1,5C
1787916271.601685,34680,06d3,4,17 63 9E 94
1787916271.612304,34680,06d4,3,2D 82 C0
1787916271.623216,34680,06d5,5,48 CD 61 92 D9
1787916271.633815,34680,06d6,1,A0
1787916271.644473,34680,06d7,5,E8 48 DB 89 62
1787916271.656495,34680,06d8,3,7E 71 78
1787916271.668968,34680,06d9,3,87 B0 AE
1787916271.679626,34680,06da,4,C9 5F AF 9D
1787916271.691051,34680,06db,4,07 6E B6 A1
1787916271.701876,34680,06dc,2,F0 EC
1787916271.712678,34680,06dd,3,20 5C 93
1787916271.723320,34680,06de,1,51
1787916271.733872,34680,06df,4,6C FD B5 C6
1787916271.744253,34680,06e0,5,B9 49 0A 4C 52
1787916271.754730,34680,06e1,4,A1 35 8C 78
1787916271.767392,34680,06e2,4,12 4D FB 24
1787916271.778261,34680,06e3,4,C3 61 02 46
1787916271.789148,34680,06e4,3,D6 E1 1B
1787916271.800288,34680,06e5,3,5E C9 8A
1787916271.811155,34680,06e6,5,06 3D 1C B4 C6
1787916271.822045,34680,06e7,1,37
1787916271.833621,34680,06e8,2,A0 27
1787916271.844053,34680,06e9,3,C7 E7 E8
1787916271.854625,34680,06ea,4,6C 0C F7 2B
1787916271.865435,34680,06eb,5,1B F1 8D 8B 75
1787916271.876126,34680,06ec,2,54 21
